image_id,image_path,city,place,caption,visual_tags,emotion_tags,related_memory
img_001,data/images/auckland/auckland_sierra_cafe_french_toast.jpg,Auckland,Sierra Café,"French toast at Sierra Café in Auckland. The memory describes it as very delicious, with condensed milk sweetness blending into the cake.","food,french toast,cafe,brunch,sweet","happy,satisfied",I ordered French toast at Sierra Café and thought it was extremely delicious.
img_002,data/images/auckland/auckland_albert_park_fountain_group.jpg,Auckland,Albert Park,A group photo of four friends in front of a fountain at Albert Park in Auckland. Everyone looks happy.,"park,fountain,group photo,friends","happy,relaxed",We walked to Albert Park and took a group photo in front of the fountain.
img_003,data/images/auckland/auckland_mount_victoria_open_arms.jpg,Auckland,Mount Victoria / Takarunga,"A photo of me standing at the top of Mount Victoria with open arms, with Auckland city views in the background.","mountain,city view,viewpoint,portrait","tired,fulfilled,excited","After a tiring climb and a risky shortcut, the whole city of Auckland could be seen from the top."
img_004,data/images/auckland/hobbiton_hobbit_house_portrait.jpg,Matamata / Auckland day trip,Hobbiton Movie Set,A photo with a small Hobbit house at Hobbiton Movie Set. The memory describes the small houses as very cute.,"movie set,hobbit house,landmark,portrait","curious,happy",I took a photo with one of the Hobbit houses and thought the small houses were very cute.
img_005,data/images/auckland/hobbiton_childrens_bunk_bed.jpg,Matamata / Auckland day trip,Hobbiton Movie Set,A cute children's bunk bed inside one of the Hobbiton houses.,"interior,bunk bed,children room,cute","curious,impressed","Inside a Hobbiton house, I saw a very cute children's bunk bed."
img_006,data/images/auckland/hobbiton_ginger_beer_cup.jpg,Matamata / Auckland day trip,Hobbiton Movie Set,A hand holding ginger beer in a cute brown cup at Hobbiton Movie Set.,"drink,ginger beer,brown cup,hobbiton","relaxed,happy","At the end of the Hobbiton visit, I drank ginger beer from a cute brown cup."
img_007,data/images/auckland/auckland_feijoa_fruit.jpg,Auckland,Roadside near Auckland,A small pile of feijoa fruit picked from the roadside during the return trip to Auckland.,"fruit,feijoa,local food,roadside","surprised,curious",The driver found wild feijoa fruit and let us taste it. It was sour and sweet.
img_008,data/images/auckland/auckland_indian_butter_chicken_naan.jpg,Auckland,Auckland city centre Indian restaurant,Butter chicken curry with garlic naan at an Indian restaurant in Auckland.,"food,indian food,butter chicken,naan,curry","satisfied,happy",The butter chicken with garlic naan was extremely delicious.
img_009,data/images/queenstown/queenstown_lakeside_taco.jpg,Queenstown,Queenstown lakefront taco shop,A hand holding a juicy taco near the Queenstown lakefront.,"food,taco,lakefront,street food","happy,satisfied",We ate a highly rated taco near the lake. It was juicy and tasted very good.
img_010,data/images/queenstown/queenstown_skyline_gondola_friend.jpg,Queenstown,Skyline Queenstown Gondola,A photo of me and my friend inside the gondola going up to the Skyline viewpoint.,"gondola,friend,skyline,portrait","happy,excited",We took the Skyline gondola to reach a higher viewpoint over Queenstown.
img_011,data/images/queenstown/queenstown_skyline_view.jpg,Queenstown,Skyline Queenstown,"A wide view of Queenstown from a high viewpoint, showing mountains, lake, and open scenery.","mountain,lake,viewpoint,landscape","impressed,peaceful","From the top, the scenery looked wide and beautiful."
img_012,data/images/queenstown/queenstown_luge_ride.jpg,Queenstown,Skyline Queenstown Luge,A photo related to riding the luge at Skyline Queenstown.,"luge,activity,outdoor,adventure","excited,stimulated",The luge ride was a little exciting and fun.
img_013,data/images/queenstown/queenstown_jacket_bandage_patch.jpg,Queenstown,Skyline Queenstown Luge queue,A down jacket repaired with two bandages in a cross shape after it was accidentally torn.,"jacket,bandage,repair,funny accident","surprised,amused","My down jacket was torn while queueing for the luge, so I used bandages to patch it in a cross shape."
img_014,data/images/queenstown/queenstown_basil_cream_pasta.jpg,Queenstown,Queenstown restaurant,Cream pasta with many basil leaves in Queenstown.,"food,pasta,cream sauce,basil","satisfied,happy",I ate cream pasta with lots of basil and really liked the texture.
img_015,data/images/queenstown/fiordland_grass_mountain_portrait.jpg,Fiordland / Queenstown day trip,Fiordland National Park,A portrait standing on grass with large mountains behind at Fiordland National Park.,"mountain,grass,national park,portrait","relaxed,impressed","On the way to Milford Sound, we stopped at Fiordland National Park and took photos with the mountains."
img_016,data/images/queenstown/milford_sound_fjord_view.jpg,Fiordland / Queenstown day trip,Milford Sound,A view of Milford Sound fjord scenery from the boat cruise.,"fjord,waterfall,mountain,boat,nature","impressed,peaceful",We took a boat at Milford Sound and experienced the beauty of the fjord landscape closely.
img_017,data/images/queenstown/queenstown_fergburger_sign.jpg,Queenstown,Fergburger,The sign of Fergburger in Queenstown. The burger and donut were memorable even though only the sign was photographed.,"food sign,burger,queenstown,restaurant","satisfied,regretful","We ate the famous Fergburger and donuts. Both were very delicious, but I forgot to take food photos."
img_018,data/images/mount_cook_tekapo/mount_cook_snow_peak.jpg,Aoraki / Mount Cook,Aoraki / Mount Cook,Snow visible on the peak of Aoraki / Mount Cook in April.,"mountain,snow,peak,nature","impressed,calm",We passed Mount Cook on the road from Queenstown to Christchurch. There was already snow on the mountain peak.
img_019,data/images/mount_cook_tekapo/lake_tekapo_church_good_shepherd_smile.jpg,Lake Tekapo,Church of the Good Shepherd,"A photo near the Church of the Good Shepherd where I smiled brightly, with the lake scenery nearby.","church,lake,portrait,smile,blue water","very happy,satisfied","The lake reflection looked even bluer than the sky, and I took a photo I really liked."
img_020,data/images/christchurch/christchurch_bridge_of_remembrance_night.jpg,Christchurch,Bridge of Remembrance,A night photo of Christchurch's arch-like Bridge of Remembrance.,"night,arch,city,landmark","curious,calm","On the way to dinner, we saw an arch-like landmark in Christchurch at night."
img_021,data/images/christchurch/christchurch_unknown_chapter_brunch.jpg,Christchurch,Unknown Chapter Coffee Roasters,Four different brunch dishes placed together at Unknown Chapter in Christchurch.,"food,brunch,avocado toast,cafe,friends","satisfied,happy",We ordered different brunch dishes and shared them. I still thought my avocado toast was the best.
img_022,data/images/christchurch/christchurch_victoria_square_friends_lifting.jpg,Christchurch,Victoria Square,A playful photo where two friends lifted me up at Victoria Square.,"friends,city walk,funny moment,portrait","joyful,tired,playful","During the city walk, I felt tired, and my two friends tried to lift me up. We all laughed."
img_023,data/images/christchurch/christchurch_tram_street.jpg,Christchurch,Christchurch city centre,A street photo of the Christchurch Tram passing through the city.,"tram,city,street,transport","curious,relaxed",I noticed there were many small trams in Christchurch.
img_024,data/images/christchurch/christchurch_floating_house_landmark.jpg,Christchurch,Floating house landmark,A photo of the famous floating or suspended house landmark in Christchurch.,"landmark,house,public art,city walk","curious,impressed",We saw a famous Christchurch attraction that looked like a suspended or floating house.
img_025,data/images/christchurch/christchurch_botanic_gardens_fountain_portrait.jpg,Christchurch,Christchurch Botanic Gardens,A lively portrait in front of a beautiful fountain at the entrance of Christchurch Botanic Gardens.,"botanic garden,fountain,portrait,park","very happy,satisfied",I took a lively photo with the beautiful fountain and felt very happy.
img_026,data/images/christchurch/christchurch_autumn_leaves.jpg,Christchurch,Christchurch Botanic Gardens,Autumn leaves falling in Christchurch Botanic Gardens.,"autumn,leaves,botanic garden,nature","peaceful,seasonal",The falling leaves made me feel that autumn had really arrived.
img_027,data/images/christchurch/christchurch_airport_all_gender_toilet_sign.jpg,Christchurch,Christchurch Airport,"A toilet sign at Christchurch Airport showing male, female, and all-gender accessibility.","airport,toilet sign,gender inclusive,public facility","impressed,respectful","At Christchurch Airport, I noticed the toilet signs were respectful of gender diversity."
