memory_id,city,place,date,category,memory_note,image_id,image_path,caption,tags,emotion_tags,weather,cost
mem_001,Auckland,Sierra Café,,food,I ordered French toast at Sierra Café and thought it was extremely delicious.,img_001,data/images/auckland/auckland_sierra_cafe_french_toast.jpg,"French toast at Sierra Café in Auckland. The memory describes it as very delicious, with condensed milk sweetness blending into the cake.","food,french toast,cafe,brunch,sweet","happy,satisfied",unknown,unknown
mem_002,Auckland,Albert Park,,attraction,We walked to Albert Park and took a group photo in front of the fountain.,img_002,data/images/auckland/auckland_albert_park_fountain_group.jpg,A group photo of four friends in front of a fountain at Albert Park in Auckland. Everyone looks happy.,"park,fountain,group photo,friends","happy,relaxed",unknown,mostly free
mem_003,Auckland,Mount Victoria / Takarunga,,attraction,"After a tiring climb and a risky shortcut, the whole city of Auckland could be seen from the top.",img_003,data/images/auckland/auckland_mount_victoria_open_arms.jpg,"A photo of me standing at the top of Mount Victoria with open arms, with Auckland city views in the background.","mountain,city view,viewpoint,portrait","tired,fulfilled,excited",unknown,mostly free
mem_004,Matamata / Auckland day trip,Hobbiton Movie Set,,attraction,I took a photo with one of the Hobbit houses and thought the small houses were very cute.,img_004,data/images/auckland/hobbiton_hobbit_house_portrait.jpg,A photo with a small Hobbit house at Hobbiton Movie Set. The memory describes the small houses as very cute.,"movie set,hobbit house,landmark,portrait","curious,happy",unknown,unknown
mem_005,Matamata / Auckland day trip,Hobbiton Movie Set,,attraction,"Inside a Hobbiton house, I saw a very cute children's bunk bed.",img_005,data/images/auckland/hobbiton_childrens_bunk_bed.jpg,A cute children's bunk bed inside one of the Hobbiton houses.,"interior,bunk bed,children room,cute","curious,impressed",unknown,unknown
mem_006,Matamata / Auckland day trip,Hobbiton Movie Set,,attraction,"At the end of the Hobbiton visit, I drank ginger beer from a cute brown cup.",img_006,data/images/auckland/hobbiton_ginger_beer_cup.jpg,A hand holding ginger beer in a cute brown cup at Hobbiton Movie Set.,"drink,ginger beer,brown cup,hobbiton","relaxed,happy",unknown,unknown
mem_007,Auckland,Roadside near Auckland,,food,The driver found wild feijoa fruit and let us taste it. It was sour and sweet.,img_007,data/images/auckland/auckland_feijoa_fruit.jpg,A small pile of feijoa fruit picked from the roadside during the return trip to Auckland.,"fruit,feijoa,local food,roadside","surprised,curious",unknown,unknown
mem_008,Auckland,Auckland city centre Indian restaurant,,food,The butter chicken with garlic naan was extremely delicious.,img_008,data/images/auckland/auckland_indian_butter_chicken_naan.jpg,Butter chicken curry with garlic naan at an Indian restaurant in Auckland.,"food,indian food,butter chicken,naan,curry","satisfied,happy",unknown,unknown
mem_009,Queenstown,Queenstown lakefront taco shop,,food,We ate a highly rated taco near the lake. It was juicy and tasted very good.,img_009,data/images/queenstown/queenstown_lakeside_taco.jpg,A hand holding a juicy taco near the Queenstown lakefront.,"food,taco,lakefront,street food","happy,satisfied",unknown,mostly free
mem_010,Queenstown,Skyline Queenstown Gondola,,attraction,We took the Skyline gondola to reach a higher viewpoint over Queenstown.,img_010,data/images/queenstown/queenstown_skyline_gondola_friend.jpg,A photo of me and my friend inside the gondola going up to the Skyline viewpoint.,"gondola,friend,skyline,portrait","happy,excited",unknown,unknown
mem_011,Queenstown,Skyline Queenstown,,attraction,"From the top, the scenery looked wide and beautiful.",img_011,data/images/queenstown/queenstown_skyline_view.jpg,"A wide view of Queenstown from a high viewpoint, showing mountains, lake, and open scenery.","mountain,lake,viewpoint,landscape","impressed,peaceful",unknown,mostly free
mem_012,Queenstown,Skyline Queenstown Luge,,attraction,The luge ride was a little exciting and fun.,img_012,data/images/queenstown/queenstown_luge_ride.jpg,A photo related to riding the luge at Skyline Queenstown.,"luge,activity,outdoor,adventure","excited,stimulated",unknown,unknown
mem_013,Queenstown,Skyline Queenstown Luge queue,,attraction,"My down jacket was torn while queueing for the luge, so I used bandages to patch it in a cross shape.",img_013,data/images/queenstown/queenstown_jacket_bandage_patch.jpg,A down jacket repaired with two bandages in a cross shape after it was accidentally torn.,"jacket,bandage,repair,funny accident","surprised,amused",unknown,unknown
mem_014,Queenstown,Queenstown restaurant,,food,I ate cream pasta with lots of basil and really liked the texture.,img_014,data/images/queenstown/queenstown_basil_cream_pasta.jpg,Cream pasta with many basil leaves in Queenstown.,"food,pasta,cream sauce,basil","satisfied,happy",unknown,unknown
mem_015,Fiordland / Queenstown day trip,Fiordland National Park,,attraction,"On the way to Milford Sound, we stopped at Fiordland National Park and took photos with the mountains.",img_015,data/images/queenstown/fiordland_grass_mountain_portrait.jpg,A portrait standing on grass with large mountains behind at Fiordland National Park.,"mountain,grass,national park,portrait","relaxed,impressed",unknown,mostly free
mem_016,Fiordland / Queenstown day trip,Milford Sound,,attraction,We took a boat at Milford Sound and experienced the beauty of the fjord landscape closely.,img_016,data/images/queenstown/milford_sound_fjord_view.jpg,A view of Milford Sound fjord scenery from the boat cruise.,"fjord,waterfall,mountain,boat,nature","impressed,peaceful",unknown,mostly free
mem_017,Queenstown,Fergburger,,food,"We ate the famous Fergburger and donuts. Both were very delicious, but I forgot to take food photos.",img_017,data/images/queenstown/queenstown_fergburger_sign.jpg,The sign of Fergburger in Queenstown. The burger and donut were memorable even though only the sign was photographed.,"food sign,burger,queenstown,restaurant","satisfied,regretful",unknown,unknown
mem_018,Aoraki / Mount Cook,Aoraki / Mount Cook,,attraction,We passed Mount Cook on the road from Queenstown to Christchurch. There was already snow on the mountain peak.,img_018,data/images/mount_cook_tekapo/mount_cook_snow_peak.jpg,Snow visible on the peak of Aoraki / Mount Cook in April.,"mountain,snow,peak,nature","impressed,calm",unknown,mostly free
mem_019,Lake Tekapo,Church of the Good Shepherd,,attraction,"The lake reflection looked even bluer than the sky, and I took a photo I really liked.",img_019,data/images/mount_cook_tekapo/lake_tekapo_church_good_shepherd_smile.jpg,"A photo near the Church of the Good Shepherd where I smiled brightly, with the lake scenery nearby.","church,lake,portrait,smile,blue water","very happy,satisfied",unknown,mostly free
mem_020,Christchurch,Bridge of Remembrance,,attraction,"On the way to dinner, we saw an arch-like landmark in Christchurch at night.",img_020,data/images/christchurch/christchurch_bridge_of_remembrance_night.jpg,A night photo of Christchurch's arch-like Bridge of Remembrance.,"night,arch,city,landmark","curious,calm",unknown,mostly free
mem_021,Christchurch,Unknown Chapter Coffee Roasters,,food,We ordered different brunch dishes and shared them. I still thought my avocado toast was the best.,img_021,data/images/christchurch/christchurch_unknown_chapter_brunch.jpg,Four different brunch dishes placed together at Unknown Chapter in Christchurch.,"food,brunch,avocado toast,cafe,friends","satisfied,happy",unknown,unknown
mem_022,Christchurch,Victoria Square,,attraction,"During the city walk, I felt tired, and my two friends tried to lift me up. We all laughed.",img_022,data/images/christchurch/christchurch_victoria_square_friends_lifting.jpg,A playful photo where two friends lifted me up at Victoria Square.,"friends,city walk,funny moment,portrait","joyful,tired,playful",unknown,mostly free
mem_023,Christchurch,Christchurch city centre,,attraction,I noticed there were many small trams in Christchurch.,img_023,data/images/christchurch/christchurch_tram_street.jpg,A street photo of the Christchurch Tram passing through the city.,"tram,city,street,transport","curious,relaxed",unknown,mostly free
mem_024,Christchurch,Floating house landmark,,attraction,We saw a famous Christchurch attraction that looked like a suspended or floating house.,img_024,data/images/christchurch/christchurch_floating_house_landmark.jpg,A photo of the famous floating or suspended house landmark in Christchurch.,"landmark,house,public art,city walk","curious,impressed",unknown,mostly free
mem_025,Christchurch,Christchurch Botanic Gardens,,attraction,I took a lively photo with the beautiful fountain and felt very happy.,img_025,data/images/christchurch/christchurch_botanic_gardens_fountain_portrait.jpg,A lively portrait in front of a beautiful fountain at the entrance of Christchurch Botanic Gardens.,"botanic garden,fountain,portrait,park","very happy,satisfied",unknown,mostly free
mem_026,Christchurch,Christchurch Botanic Gardens,,attraction,The falling leaves made me feel that autumn had really arrived.,img_026,data/images/christchurch/christchurch_autumn_leaves.jpg,Autumn leaves falling in Christchurch Botanic Gardens.,"autumn,leaves,botanic garden,nature","peaceful,seasonal",unknown,unknown
mem_027,Christchurch,Christchurch Airport,,attraction,"At Christchurch Airport, I noticed the toilet signs were respectful of gender diversity.",img_027,data/images/christchurch/christchurch_airport_all_gender_toilet_sign.jpg,"A toilet sign at Christchurch Airport showing male, female, and all-gender accessibility.","airport,toilet sign,gender inclusive,public facility","impressed,respectful",unknown,unknown
